run_id,record_tag,timestamp_utc,task_manager,global_planner,local_planner,packages_delivered,pph,simulation_seconds,real_runtime_seconds,agent_count,loading_port_count,unloading_port_count,map_width,map_height,resolution,steps_per_second,total_distance_travelled,avg_distance_travelled,max_distance_travelled,global_plan_calls,replan_events,total_contact_frames,total_collision_events,agent_agent_collision_events,agent_wall_collision_events,state_time_ratios,contact_frame_counts,collision_event_counts,max_queue_lengths
20260804T141648Z_845711c4,planner_matrix_baseline_60s_LayeredAStar_DullPlanner_NaiveTaskManager,2026-08-04T14:16:56.294390Z,NaiveTaskManager,LayeredAStar,DullPlanner,4,240.0,60.0,8.275,2,1,1,12,12,1,10,147.689,73.844,74.211,123,100,8,8,8,0,"{""CRUISE"": 0.5458, ""LOADING"": 0.183, ""QUEUING"": 0.2712}","{""agent__agent"": 8}","{""agent__agent"": 8}","{""0"": 0}"
20260804T141649Z_e8c2399e,stage_chain_small_60s_LayeredAStar_DullPlanner_NaiveTaskManager,2026-08-04T14:16:57.697996Z,NaiveTaskManager,LayeredAStar,DullPlanner,4,240.0,60.0,8.523,2,1,1,12,12,1,10,147.689,73.844,74.211,123,100,8,8,8,0,"{""CRUISE"": 0.5458, ""LOADING"": 0.183, ""QUEUING"": 0.2712}","{""agent__agent"": 8}","{""agent__agent"": 8}","{""0"": 0}"
20260804T141700Z_7afcaa54,planner_matrix_baseline_60s_LayeredAStar_VirtualForcePlanner_NaiveTaskManager,2026-08-04T14:17:16.635745Z,NaiveTaskManager,LayeredAStar,VirtualForcePlanner,0,0.0,60.0,15.648,2,1,1,12,12,1,10,9.625,4.813,7.733,571,16,0,0,0,0,"{""CRUISE"": 0.0266, ""QUEUING"": 0.9734}",{},{},"{""0"": 0}"
20260804T141702Z_67dd396e,stage_chain_small_60s_LayeredAStar_VirtualForcePlanner_NaiveTaskManager,2026-08-04T14:17:18.151191Z,NaiveTaskManager,LayeredAStar,VirtualForcePlanner,0,0.0,60.0,15.459,2,1,1,12,12,1,10,9.625,4.813,7.733,571,16,0,0,0,0,"{""CRUISE"": 0.0266, ""QUEUING"": 0.9734}",{},{},"{""0"": 0}"
20260804T141650Z_ee8f1c1f,stage_chain_medium_60s_LayeredAStar_DullPlanner_NaiveTaskManager,2026-08-04T14:17:43.071758Z,NaiveTaskManager,LayeredAStar,DullPlanner,6,360.0,60.0,52.631,4,2,2,20,20,1,20,282.977,70.744,81.051,649,616,248,235,235,0,"{""CRUISE"": 0.7746, ""LOADING"": 0.1222, ""QUEUING"": 0.1032}","{""agent__agent"": 248}","{""agent__agent"": 235}","{""0"": 0, ""1"": 0}"
20260804T141726Z_16508236,planner_matrix_baseline_60s_LayeredAStar_RVOPlanner_NaiveTaskManager,2026-08-04T14:17:44.251415Z,NaiveTaskManager,LayeredAStar,RVOPlanner,0,0.0,60.0,17.857,2,1,1,12,12,1,10,8.578,4.289,7.232,4,0,0,0,0,0,"{""CRUISE"": 0.025, ""QUEUING"": 0.975}",{},{},"{""0"": 0}"
20260804T141727Z_13e33fd6,stage_chain_small_60s_LayeredAStarCollisionAware_DullPlanner_NaiveTaskManager,2026-08-04T14:17:46.121477Z,NaiveTaskManager,LayeredAStarCollisionAware,DullPlanner,5,300.0,60.0,18.814,2,1,1,12,12,1,10,144.723,72.362,73.94,229,203,0,0,0,0,"{""CRUISE"": 0.5724, ""LOADING"": 0.2013, ""QUEUING"": 0.2263}",{},{},"{""0"": 0}"
20260804T141754Z_b68a52a9,planner_matrix_baseline_60s_LayeredAStar_HRVOPlanner_NaiveTaskManager,2026-08-04T14:18:10.492525Z,NaiveTaskManager,LayeredAStar,HRVOPlanner,0,0.0,60.0,16.084,2,1,1,12,12,1,10,79.145,39.572,61.831,4,0,72,72,7,65,"{""CRUISE"": 0.0707, ""QUEUING"": 0.9293}","{""agent__agent"": 7, ""agent__wall"": 65}","{""agent__agent"": 7, ""agent__wall"": 65}","{""0"": 0}"
20260804T141755Z_91d50c49,stage_chain_small_60s_LayeredAStarCollisionAware_VirtualForcePlanner_NaiveTaskManager,2026-08-04T14:18:23.209089Z,NaiveTaskManager,LayeredAStarCollisionAware,VirtualForcePlanner,0,0.0,60.0,27.966,2,1,1,12,12,1,10,6.967,3.483,5.85,1139,1135,0,0,0,0,"{""CRUISE"": 0.0258, ""QUEUING"": 0.9742}",{},{},"{""0"": 0}"
20260804T141651Z_1344ac1d,stage_chain_high_60s_LayeredAStar_DullPlanner_NaiveTaskManager,2026-08-04T14:18:36.667520Z,NaiveTaskManager,LayeredAStar,DullPlanner,5,300.0,60.0,105.051,6,3,3,24,24,1,20,360.995,60.166,81.056,2117,2082,951,949,949,0,"{""CRUISE"": 0.8411, ""LOADING"": 0.0813, ""QUEUING"": 0.0776}","{""agent__agent"": 951}","{""agent__agent"": 949}","{""0"": 0, ""1"": 0, ""2"": 0}"
20260804T141821Z_dd889640,planner_matrix_baseline_60s_LayeredAStar_DDPlanner_NaiveTaskManager,2026-08-04T14:18:43.133125Z,NaiveTaskManager,LayeredAStar,DDPlanner,1,60.0,60.0,21.929,2,1,1,12,12,1,10,41.537,20.768,29.02,47,39,15,15,15,0,"{""CRUISE"": 0.1672, ""LOADING"": 0.0366, ""QUEUING"": 0.7962}","{""agent__agent"": 15}","{""agent__agent"": 15}","{""0"": 0}"
20260804T141709Z_af97de9c,task_manager_medium_60s_LayeredAStarCollisionAware_VirtualForcePlanner_NaiveTaskManager,2026-08-04T14:18:51.697071Z,NaiveTaskManager,LayeredAStarCollisionAware,VirtualForcePlanner,0,0.0,60.0,101.717,4,2,2,20,20,1,20,39.184,9.796,20.775,3141,3133,0,0,0,0,"{""CRUISE"": 0.092, ""QUEUING"": 0.908}",{},{},"{""0"": 0, ""1"": 0}"
20260804T141835Z_1716459e,stage_chain_small_60s_LayeredAStarReservationAware_DullPlanner_NaiveTaskManager,2026-08-04T14:19:14.249010Z,NaiveTaskManager,LayeredAStarReservationAware,DullPlanner,0,0.0,60.0,38.762,2,1,1,12,12,1,10,9.81,4.905,6.45,1130,1124,0,0,0,0,"{""CRUISE"": 0.4992, ""LOADING"": 0.0183, ""QUEUING"": 0.4825}",{},{},"{""0"": 0}"
20260804T141753Z_5e1f6063,stage_chain_medium_60s_LayeredAStar_VirtualForcePlanner_NaiveTaskManager,2026-08-04T14:19:16.522498Z,NaiveTaskManager,LayeredAStar,VirtualForcePlanner,0,0.0,60.0,83.147,4,2,2,20,20,1,20,41.074,10.268,20.813,2031,1097,1,1,1,0,"{""CRUISE"": 0.0868, ""QUEUING"": 0.9132}","{""agent__agent"": 1}","{""agent__agent"": 1}","{""0"": 0, ""1"": 0}"
20260804T141853Z_ffaaaffe,planner_matrix_baseline_60s_LayeredAStar_FLCPlanner_NaiveTaskManager,2026-08-04T14:19:19.127829Z,NaiveTaskManager,LayeredAStar,FLCPlanner,0,0.0,60.0,25.499,2,1,1,12,12,1,10,8.067,4.033,6.612,567,21,0,0,0,0,"{""CRUISE"": 0.0341, ""QUEUING"": 0.9659}",{},{},"{""0"": 0}"
20260804T141929Z_a6d90f30,planner_matrix_baseline_60s_RRTStar_DullPlanner_NaiveTaskManager,2026-08-04T14:19:48.077217Z,NaiveTaskManager,RRTStar,DullPlanner,4,240.0,60.0,18.087,2,1,1,12,12,1,10,142.365,71.183,73.143,30,0,17,17,17,0,"{""CRUISE"": 0.4684, ""LOADING"": 0.1789, ""QUEUING"": 0.3527}","{""agent__agent"": 17}","{""agent__agent"": 17}","{""0"": 0}"
20260804T141925Z_c6309ae0,stage_chain_small_60s_LayeredAStarReservationAware_VirtualForcePlanner_NaiveTaskManager,2026-08-04T14:19:49.705378Z,NaiveTaskManager,LayeredAStarReservationAware,VirtualForcePlanner,0,0.0,60.0,24.251,2,1,1,12,12,1,10,6.517,3.258,5.4,1160,1157,0,0,0,0,"{""CRUISE"": 0.0233, ""QUEUING"": 0.9767}",{},{},"{""0"": 0}"
20260804T141958Z_fdd6664a,planner_matrix_baseline_60s_RRTStar_VirtualForcePlanner_NaiveTaskManager,2026-08-04T14:20:21.280145Z,NaiveTaskManager,RRTStar,VirtualForcePlanner,4,240.0,60.0,22.701,2,1,1,12,12,1,10,139.969,69.984,70.577,29,0,0,0,0,0,"{""CRUISE"": 0.4775, ""LOADING"": 0.1997, ""QUEUING"": 0.3228}",{},{},"{""0"": 0}"
20260804T141959Z_57ada7a3,stage_chain_small_60s_LayeredAStarQueueAware_DullPlanner_NaiveTaskManager,2026-08-04T14:20:30.068803Z,NaiveTaskManager,LayeredAStarQueueAware,DullPlanner,1,60.0,60.0,30.711,2,1,1,12,12,1,10,33.555,16.778,17.442,973,965,1,1,1,0,"{""CRUISE"": 0.886, ""LOADING"": 0.0549, ""QUEUING"": 0.0591}","{""agent__agent"": 1}","{""agent__agent"": 1}","{""0"": 0}"
20260804T141903Z_652f490d,task_manager_medium_60s_LayeredAStarCollisionAware_VirtualForcePlanner_CongestionAwareTaskManager,2026-08-04T14:20:49.015347Z,CongestionAwareTaskManager,LayeredAStarCollisionAware,VirtualForcePlanner,0,0.0,60.0,105.418,4,2,2,20,20,1,20,39.184,9.796,20.775,3141,3133,0,0,0,0,"{""CRUISE"": 0.092, ""QUEUING"": 0.908}",{},{},"{""0"": 0, ""1"": 0}"
20260804T141927Z_816304fe,stage_chain_medium_60s_LayeredAStarCollisionAware_DullPlanner_NaiveTaskManager,2026-08-04T14:20:52.028877Z,NaiveTaskManager,LayeredAStarCollisionAware,DullPlanner,6,360.0,60.0,84.495,4,2,2,20,20,1,20,314.084,78.521,81.027,440,404,0,0,0,0,"{""CRUISE"": 0.7179, ""LOADING"": 0.127, ""QUEUING"": 0.1551}",{},{},"{""0"": 0, ""1"": 0}"
20260804T142034Z_9288b75c,planner_matrix_baseline_60s_RRTStar_RVOPlanner_NaiveTaskManager,2026-08-04T14:20:56.420621Z,NaiveTaskManager,RRTStar,RVOPlanner,4,240.0,60.0,21.817,2,1,1,12,12,1,10,134.301,67.151,71.865,64,0,19,19,19,0,"{""CRUISE"": 0.4426, ""LOADING"": 0.1797, ""QUEUING"": 0.3777}","{""agent__agent"": 19}","{""agent__agent"": 19}","{""0"": 0}"
20260804T142043Z_721aa6ca,stage_chain_small_60s_LayeredAStarQueueAware_VirtualForcePlanner_NaiveTaskManager,2026-08-04T14:21:12.948493Z,NaiveTaskManager,LayeredAStarQueueAware,VirtualForcePlanner,0,0.0,60.0,29.094,2,1,1,12,12,1,10,6.967,3.483,5.85,1137,1133,0,0,0,0,"{""CRUISE"": 0.0258, ""QUEUING"": 0.9742}",{},{},"{""0"": 0}"
20260804T142106Z_7b1685b7,planner_matrix_baseline_60s_RRTStar_HRVOPlanner_NaiveTaskManager,2026-08-04T14:21:23.544251Z,NaiveTaskManager,RRTStar,HRVOPlanner,0,0.0,60.0,16.673,2,1,1,12,12,1,10,89.944,44.972,73.656,4,0,146,146,0,146,"{""CRUISE"": 0.2063, ""QUEUING"": 0.7937}","{""agent__wall"": 146}","{""agent__wall"": 146}","{""0"": 0}"
20260804T141846Z_c14f2e0a,stage_chain_high_60s_LayeredAStar_VirtualForcePlanner_NaiveTaskManager,2026-08-04T14:21:35.126375Z,NaiveTaskManager,LayeredAStar,VirtualForcePlanner,0,0.0,60.0,168.768,6,3,3,24,24,1,20,101.197,16.866,24.464,2106,136,42,42,42,0,"{""CRUISE"": 0.1453, ""LOADING"": 0.0057, ""QUEUING"": 0.849}","{""agent__agent"": 42}","{""agent__agent"": 42}","{""0"": 0, ""1"": 0, ""2"": 0}"
20260804T142131Z_166571e1,planner_matrix_baseline_60s_RRTStar_DDPlanner_NaiveTaskManager,2026-08-04T14:21:50.657495Z,NaiveTaskManager,RRTStar,DDPlanner,1,60.0,60.0,18.844,2,1,1,12,12,1,10,41.537,20.768,29.02,8,0,15,15,15,0,"{""CRUISE"": 0.1672, ""LOADING"": 0.0366, ""QUEUING"": 0.7962}","{""agent__agent"": 15}","{""agent__agent"": 15}","{""0"": 0}"
20260804T142059Z_eba83036,task_manager_medium_60s_LayeredAStarCollisionAware_DullPlanner_NaiveTaskManager,2026-08-04T14:22:12.728334Z,NaiveTaskManager,LayeredAStarCollisionAware,DullPlanner,6,360.0,60.0,73.635,4,2,2,20,20,1,20,314.084,78.521,81.027,440,404,0,0,0,0,"{""CRUISE"": 0.7179, ""LOADING"": 0.127, ""QUEUING"": 0.1551}",{},{},"{""0"": 0, ""1"": 0}"
20260804T142158Z_1b67a309,planner_matrix_baseline_60s_RRTStar_FLCPlanner_NaiveTaskManager,2026-08-04T14:22:18.186441Z,NaiveTaskManager,RRTStar,FLCPlanner,3,180.0,60.0,19.56,2,1,1,12,12,1,10,111.063,55.532,57.725,20,0,0,0,0,0,"{""CRUISE"": 0.47, ""LOADING"": 0.1314, ""QUEUING"": 0.3985}",{},{},"{""0"": 0}"
20260804T142102Z_105a1a38,stage_chain_medium_60s_LayeredAStarCollisionAware_VirtualForcePlanner_NaiveTaskManager,2026-08-04T14:22:25.801364Z,NaiveTaskManager,LayeredAStarCollisionAware,VirtualForcePlanner,0,0.0,60.0,83.645,4,2,2,20,20,1,20,39.184,9.796,20.775,3141,3133,0,0,0,0,"{""CRUISE"": 0.092, ""QUEUING"": 0.908}",{},{},"{""0"": 0, ""1"": 0}"
20260804T142016Z_8c6636d6,task_manager_high_60s_LayeredAStarCollisionAware_VirtualForcePlanner_CongestionAwareTaskManager,2026-08-04T14:22:38.356064Z,CongestionAwareTaskManager,LayeredAStarCollisionAware,VirtualForcePlanner,0,0.0,60.0,141.684,6,3,3,24,24,1,20,147.227,24.538,48.974,2077,2061,0,0,0,0,"{""CRUISE"": 0.2281, ""LOADING"": 0.0115, ""QUEUING"": 0.7603}",{},{},"{""0"": 0, ""1"": 0, ""2"": 0}"
20260804T142225Z_a8771fa6,planner_matrix_baseline_60s_MARRTStar_DullPlanner_NaiveTaskManager,2026-08-04T14:23:02.285451Z,NaiveTaskManager,MARRTStar,DullPlanner,4,240.0,60.0,36.297,2,1,1,12,12,1,10,153.545,76.772,77.339,21,0,0,0,0,0,"{""CRUISE"": 0.5183, ""LOADING"": 0.1448, ""QUEUING"": 0.3369}",{},{},"{""0"": 0}"
20260804T142143Z_01acdb66,stage_chain_high_60s_LayeredAStarCollisionAware_DullPlanner_NaiveTaskManager,2026-08-04T14:23:43.423015Z,NaiveTaskManager,LayeredAStarCollisionAware,DullPlanner,7,420.0,60.0,120.35,6,3,3,24,24,1,20,480.029,80.005,83.938,513,470,27,27,27,0,"{""CRUISE"": 0.7688, ""LOADING"": 0.1049, ""QUEUING"": 0.1263}","{""agent__agent"": 27}","{""agent__agent"": 27}","{""0"": 0, ""1"": 0, ""2"": 0}"
20260804T142221Z_75351954,task_manager_medium_60s_LayeredAStarCollisionAware_DullPlanner_CongestionAwareTaskManager,2026-08-04T14:23:44.198209Z,CongestionAwareTaskManager,LayeredAStarCollisionAware,DullPlanner,5,300.0,60.0,82.36,4,2,2,20,20,1,20,319.997,79.999,81.041,498,465,7,7,7,0,"{""CRUISE"": 0.7358, ""LOADING"": 0.1134, ""QUEUING"": 0.1507}","{""agent__agent"": 7}","{""agent__agent"": 7}","{""0"": 0, ""1"": 0}"
20260804T142312Z_aa5ae157,planner_matrix_baseline_60s_MARRTStar_VirtualForcePlanner_NaiveTaskManager,2026-08-04T14:23:44.525205Z,NaiveTaskManager,MARRTStar,VirtualForcePlanner,4,240.0,60.0,31.541,2,1,1,12,12,1,10,148.11,74.055,75.825,21,0,0,0,0,0,"{""CRUISE"": 0.5599, ""LOADING"": 0.1647, ""QUEUING"": 0.2754}",{},{},"{""0"": 0}"
20260804T142234Z_eaf5962c,stage_chain_medium_60s_LayeredAStarReservationAware_DullPlanner_NaiveTaskManager,2026-08-04T14:23:55.364231Z,NaiveTaskManager,LayeredAStarReservationAware,DullPlanner,7,420.0,60.0,81.186,4,2,2,20,20,1,20,314.811,78.703,81.011,277,242,6,6,6,0,"{""CRUISE"": 0.7483, ""LOADING"": 0.1309, ""QUEUING"": 0.1207}","{""agent__agent"": 6}","{""agent__agent"": 6}","{""0"": 0, ""1"": 0}"
20260804T142352Z_362f5615,planner_matrix_baseline_60s_MARRTStar_RVOPlanner_NaiveTaskManager,2026-08-04T14:24:24.173522Z,NaiveTaskManager,MARRTStar,RVOPlanner,4,240.0,60.0,31.697,2,1,1,12,12,1,10,149.411,74.705,76.021,22,0,0,0,0,0,"{""CRUISE"": 0.5366, ""LOADING"": 0.1631, ""QUEUING"": 0.3003}",{},{},"{""0"": 0}"
20260804T142251Z_3758a765,task_manager_high_60s_LayeredAStarCollisionAware_DullPlanner_NaiveTaskManager,2026-08-04T14:24:47.811756Z,NaiveTaskManager,LayeredAStarCollisionAware,DullPlanner,7,420.0,60.0,116.687,6,3,3,24,24,1,20,480.029,80.005,83.938,513,470,27,27,27,0,"{""CRUISE"": 0.7688, ""LOADING"": 0.1049, ""QUEUING"": 0.1263}","{""agent__agent"": 27}","{""agent__agent"": 27}","{""0"": 0, ""1"": 0, ""2"": 0}"
20260804T142431Z_e9c1163f,planner_matrix_baseline_60s_MARRTStar_HRVOPlanner_NaiveTaskManager,2026-08-04T14:24:51.323453Z,NaiveTaskManager,MARRTStar,HRVOPlanner,0,0.0,60.0,19.978,2,1,1,12,12,1,10,112.305,56.152,94.458,4,0,30,30,0,30,"{""CRUISE"": 0.3028, ""QUEUING"": 0.6972}","{""agent__wall"": 30}","{""agent__wall"": 30}","{""0"": 0}"
20260804T142352Z_0d2667ca,task_manager_medium_60s_LayeredAStarReservationAware_VirtualForcePlanner_NaiveTaskManager,2026-08-04T14:25:19.983538Z,NaiveTaskManager,LayeredAStarReservationAware,VirtualForcePlanner,0,0.0,60.0,87.799,4,2,2,20,20,1,20,39.184,9.796,20.775,3141,3133,0,0,0,0,"{""CRUISE"": 0.092, ""QUEUING"": 0.908}",{},{},"{""0"": 0, ""1"": 0}"
20260804T142458Z_265f88cb,planner_matrix_baseline_60s_MARRTStar_DDPlanner_NaiveTaskManager,2026-08-04T14:25:22.065714Z,NaiveTaskManager,MARRTStar,DDPlanner,1,60.0,60.0,23.934,2,1,1,12,12,1,10,46.298,23.149,30.555,8,0,18,18,18,0,"{""CRUISE"": 0.1664, ""LOADING"": 0.0366, ""QUEUING"": 0.797}","{""agent__agent"": 18}","{""agent__agent"": 18}","{""0"": 0}"
20260804T142403Z_531a6f65,stage_chain_medium_60s_LayeredAStarReservationAware_VirtualForcePlanner_NaiveTaskManager,2026-08-04T14:25:30.310142Z,NaiveTaskManager,LayeredAStarReservationAware,VirtualForcePlanner,0,0.0,60.0,86.338,4,2,2,20,20,1,20,39.184,9.796,20.775,3141,3133,0,0,0,0,"{""CRUISE"": 0.092, ""QUEUING"": 0.908}",{},{},"{""0"": 0, ""1"": 0}"
20260804T142529Z_b91fb51f,planner_matrix_baseline_60s_MARRTStar_FLCPlanner_NaiveTaskManager,2026-08-04T14:26:03.295092Z,NaiveTaskManager,MARRTStar,FLCPlanner,3,180.0,60.0,33.311,2,1,1,12,12,1,10,105.637,52.819,53.587,19,0,0,0,0,0,"{""CRUISE"": 0.4759, ""LOADING"": 0.1281, ""QUEUING"": 0.396}",{},{},"{""0"": 0}"
20260804T142351Z_2960bf90,stage_chain_high_60s_LayeredAStarCollisionAware_VirtualForcePlanner_NaiveTaskManager,2026-08-04T14:26:05.433356Z,NaiveTaskManager,LayeredAStarCollisionAware,VirtualForcePlanner,0,0.0,60.0,133.898,6,3,3,24,24,1,20,147.227,24.538,48.974,2077,2061,0,0,0,0,"{""CRUISE"": 0.2281, ""LOADING"": 0.0115, ""QUEUING"": 0.7603}",{},{},"{""0"": 0, ""1"": 0, ""2"": 0}"
20260804T142455Z_91cdbd81,task_manager_high_60s_LayeredAStarCollisionAware_DullPlanner_CongestionAwareTaskManager,2026-08-04T14:26:39.275888Z,CongestionAwareTaskManager,LayeredAStarCollisionAware,DullPlanner,7,420.0,60.0,103.8,6,3,3,24,24,1,20,481.297,80.216,84.013,482,440,27,27,27,0,"{""CRUISE"": 0.767, ""LOADING"": 0.1028, ""QUEUING"": 0.1302}","{""agent__agent"": 27}","{""agent__agent"": 27}","{""0"": 0, ""1"": 0, ""2"": 0}"
20260804T142528Z_e68c40f4,task_manager_medium_60s_LayeredAStarReservationAware_VirtualForcePlanner_CongestionAwareTaskManager,2026-08-04T14:26:42.574632Z,CongestionAwareTaskManager,LayeredAStarReservationAware,VirtualForcePlanner,0,0.0,60.0,73.59,4,2,2,20,20,1,20,39.184,9.796,20.775,3141,3133,0,0,0,0,"{""CRUISE"": 0.092, ""QUEUING"": 0.908}",{},{},"{""0"": 0, ""1"": 0}"
20260804T142539Z_993ea207,stage_chain_medium_60s_LayeredAStarQueueAware_DullPlanner_NaiveTaskManager,2026-08-04T14:26:46.236082Z,NaiveTaskManager,LayeredAStarQueueAware,DullPlanner,5,300.0,60.0,67.102,4,2,2,20,20,1,20,289.682,72.421,81.026,753,721,0,0,0,0,"{""CRUISE"": 0.7644, ""LOADING"": 0.1184, ""QUEUING"": 0.1172}",{},{},"{""0"": 0, ""1"": 0}"
20260804T142721Z_5c5772b7,planner_matrix_baseline_60s_INashRRT_HRVOPlanner_NaiveTaskManager,2026-08-04T14:27:36.277804Z,NaiveTaskManager,INashRRT,HRVOPlanner,0,0.0,60.0,14.591,2,1,1,12,12,1,10,104.502,52.251,88.816,4,0,112,112,0,112,"{""CRUISE"": 0.2421, ""QUEUING"": 0.7579}","{""agent__wall"": 112}","{""agent__wall"": 112}","{""0"": 0}"
20260804T142649Z_8e2ad5c4,task_manager_medium_60s_LayeredAStarReservationAware_DullPlanner_NaiveTaskManager,2026-08-04T14:27:48.534892Z,NaiveTaskManager,LayeredAStarReservationAware,DullPlanner,7,420.0,60.0,59.449,4,2,2,20,20,1,20,314.811,78.703,81.011,277,242,6,6,6,0,"{""CRUISE"": 0.7483, ""LOADING"": 0.1309, ""QUEUING"": 0.1207}","{""agent__agent"": 6}","{""agent__agent"": 6}","{""0"": 0, ""1"": 0}"
20260804T142652Z_8555f776,stage_chain_medium_60s_LayeredAStarQueueAware_VirtualForcePlanner_NaiveTaskManager,2026-08-04T14:28:08.902042Z,NaiveTaskManager,LayeredAStarQueueAware,VirtualForcePlanner,0,0.0,60.0,76.11,4,2,2,20,20,1,20,39.184,9.796,20.775,3142,3134,0,0,0,0,"{""CRUISE"": 0.092, ""QUEUING"": 0.908}",{},{},"{""0"": 0, ""1"": 0}"
20260804T142744Z_d837700e,planner_matrix_baseline_60s_INashRRT_DDPlanner_NaiveTaskManager,2026-08-04T14:28:12.996671Z,NaiveTaskManager,INashRRT,DDPlanner,1,60.0,60.0,28.693,2,1,1,12,12,1,10,47.623,23.811,33.517,8,0,17,17,17,0,"{""CRUISE"": 0.1672, ""LOADING"": 0.0366, ""QUEUING"": 0.7962}","{""agent__agent"": 17}","{""agent__agent"": 17}","{""0"": 0}"
20260804T142645Z_fb107ffb,task_manager_high_60s_LayeredAStarReservationAware_VirtualForcePlanner_NaiveTaskManager,2026-08-04T14:28:33.152166Z,NaiveTaskManager,LayeredAStarReservationAware,VirtualForcePlanner,0,0.0,60.0,107.646,6,3,3,24,24,1,20,130.496,21.749,48.74,2138,2122,0,0,0,0,"{""CRUISE"": 0.2062, ""LOADING"": 0.0115, ""QUEUING"": 0.7823}",{},{},"{""0"": 0, ""1"": 0, ""2"": 0}"
20260804T142754Z_90d96c62,task_manager_medium_60s_LayeredAStarReservationAware_DullPlanner_CongestionAwareTaskManager,2026-08-04T14:28:50.463912Z,CongestionAwareTaskManager,LayeredAStarReservationAware,DullPlanner,7,420.0,60.0,55.802,4,2,2,20,20,1,20,314.811,78.703,81.011,277,242,6,6,6,0,"{""CRUISE"": 0.7483, ""LOADING"": 0.1309, ""QUEUING"": 0.1207}","{""agent__agent"": 6}","{""agent__agent"": 6}","{""0"": 0, ""1"": 0}"
20260804T142612Z_b0d3ace5,stage_chain_high_60s_LayeredAStarReservationAware_DullPlanner_NaiveTaskManager,2026-08-04T14:28:51.038750Z,NaiveTaskManager,LayeredAStarReservationAware,DullPlanner,3,180.0,60.0,158.4,6,3,3,24,24,1,20,233.569,38.928,83.554,3959,3932,1068,1068,1068,0,"{""CRUISE"": 0.6299, ""LOADING"": 0.0479, ""QUEUING"": 0.3222}","{""agent__agent"": 1068}","{""agent__agent"": 1068}","{""0"": 0, ""1"": 0, ""2"": 0}"
20260804T142856Z_eff51c90,task_manager_medium_60s_LayeredAStarQueueAware_VirtualForcePlanner_NaiveTaskManager,2026-08-04T14:29:52.152965Z,NaiveTaskManager,LayeredAStarQueueAware,VirtualForcePlanner,0,0.0,60.0,55.964,4,2,2,20,20,1,20,39.184,9.796,20.775,3142,3134,0,0,0,0,"{""CRUISE"": 0.092, ""QUEUING"": 0.908}",{},{},"{""0"": 0, ""1"": 0}"
20260804T142839Z_c826a673,task_manager_high_60s_LayeredAStarReservationAware_VirtualForcePlanner_CongestionAwareTaskManager,2026-08-04T14:30:03.006020Z,CongestionAwareTaskManager,LayeredAStarReservationAware,VirtualForcePlanner,0,0.0,60.0,83.322,6,3,3,24,24,1,20,130.496,21.749,48.74,2138,2122,0,0,0,0,"{""CRUISE"": 0.2062, ""LOADING"": 0.0115, ""QUEUING"": 0.7823}",{},{},"{""0"": 0, ""1"": 0, ""2"": 0}"
20260804T142856Z_55cda627,stage_chain_high_60s_LayeredAStarReservationAware_VirtualForcePlanner_NaiveTaskManager,2026-08-04T14:30:19.096211Z,NaiveTaskManager,LayeredAStarReservationAware,VirtualForcePlanner,0,0.0,60.0,82.397,6,3,3,24,24,1,20,130.496,21.749,48.74,2138,2122,0,0,0,0,"{""CRUISE"": 0.2062, ""LOADING"": 0.0115, ""QUEUING"": 0.7823}",{},{},"{""0"": 0, ""1"": 0, ""2"": 0}"
20260804T142957Z_cef300cc,task_manager_medium_60s_LayeredAStarQueueAware_VirtualForcePlanner_CongestionAwareTaskManager,2026-08-04T14:30:52.459601Z,CongestionAwareTaskManager,LayeredAStarQueueAware,VirtualForcePlanner,0,0.0,60.0,55.443,4,2,2,20,20,1,20,39.184,9.796,20.775,3142,3134,0,0,0,0,"{""CRUISE"": 0.092, ""QUEUING"": 0.908}",{},{},"{""0"": 0, ""1"": 0}"
20260804T143025Z_832a4968,stage_chain_high_60s_LayeredAStarQueueAware_DullPlanner_NaiveTaskManager,2026-08-04T14:31:38.249143Z,NaiveTaskManager,LayeredAStarQueueAware,DullPlanner,7,420.0,60.0,72.804,6,3,3,24,24,1,20,478.877,79.813,81.081,569,523,18,18,18,0,"{""CRUISE"": 0.7706, ""LOADING"": 0.1092, ""QUEUING"": 0.1202}","{""agent__agent"": 18}","{""agent__agent"": 18}","{""0"": 0, ""1"": 0, ""2"": 0}"
20260804T143057Z_62c45fbd,task_manager_medium_60s_LayeredAStarQueueAware_DullPlanner_NaiveTaskManager,2026-08-04T14:31:45.976115Z,NaiveTaskManager,LayeredAStarQueueAware,DullPlanner,5,300.0,60.0,48.725,4,2,2,20,20,1,20,289.682,72.421,81.026,753,721,0,0,0,0,"{""CRUISE"": 0.7644, ""LOADING"": 0.1184, ""QUEUING"": 0.1172}",{},{},"{""0"": 0, ""1"": 0}"
20260804T143008Z_a2c23c5b,task_manager_high_60s_LayeredAStarReservationAware_DullPlanner_NaiveTaskManager,2026-08-04T14:32:08.503481Z,NaiveTaskManager,LayeredAStarReservationAware,DullPlanner,3,180.0,60.0,120.283,6,3,3,24,24,1,20,233.569,38.928,83.554,3959,3932,1068,1068,1068,0,"{""CRUISE"": 0.6299, ""LOADING"": 0.0479, ""QUEUING"": 0.3222}","{""agent__agent"": 1068}","{""agent__agent"": 1068}","{""0"": 0, ""1"": 0, ""2"": 0}"
20260804T143150Z_a88c2624,task_manager_medium_60s_LayeredAStarQueueAware_DullPlanner_CongestionAwareTaskManager,2026-08-04T14:32:39.390256Z,CongestionAwareTaskManager,LayeredAStarQueueAware,DullPlanner,5,300.0,60.0,48.614,4,2,2,20,20,1,20,264.991,66.248,81.027,1122,1076,404,404,404,0,"{""CRUISE"": 0.6214, ""LOADING"": 0.0962, ""QUEUING"": 0.2825}","{""agent__agent"": 404}","{""agent__agent"": 404}","{""0"": 0, ""1"": 0}"
20260804T143143Z_7de02e92,stage_chain_high_60s_LayeredAStarQueueAware_VirtualForcePlanner_NaiveTaskManager,2026-08-04T14:33:08.889890Z,NaiveTaskManager,LayeredAStarQueueAware,VirtualForcePlanner,0,0.0,60.0,84.955,6,3,3,24,24,1,20,178.151,29.692,67.202,2886,2561,0,0,0,0,"{""CRUISE"": 0.2095, ""LOADING"": 0.0115, ""QUEUING"": 0.7789}",{},{},"{""0"": 0, ""1"": 0, ""2"": 0}"
20260804T143213Z_548a8cb5,task_manager_high_60s_LayeredAStarReservationAware_DullPlanner_CongestionAwareTaskManager,2026-08-04T14:33:49.828708Z,CongestionAwareTaskManager,LayeredAStarReservationAware,DullPlanner,3,180.0,60.0,96.047,6,3,3,24,24,1,20,222.312,37.052,78.11,4124,4097,1068,1068,1068,0,"{""CRUISE"": 0.6181, ""LOADING"": 0.0466, ""QUEUING"": 0.3353}","{""agent__agent"": 1068}","{""agent__agent"": 1068}","{""0"": 0, ""1"": 0, ""2"": 0}"
20260804T143354Z_55a2f648,task_manager_high_60s_LayeredAStarQueueAware_VirtualForcePlanner_NaiveTaskManager,2026-08-04T14:34:59.150972Z,NaiveTaskManager,LayeredAStarQueueAware,VirtualForcePlanner,0,0.0,60.0,64.917,6,3,3,24,24,1,20,178.151,29.692,67.202,2886,2561,0,0,0,0,"{""CRUISE"": 0.2095, ""LOADING"": 0.0115, ""QUEUING"": 0.7789}",{},{},"{""0"": 0, ""1"": 0, ""2"": 0}"
20260804T143503Z_30140133,task_manager_high_60s_LayeredAStarQueueAware_VirtualForcePlanner_CongestionAwareTaskManager,2026-08-04T14:36:07.124780Z,CongestionAwareTaskManager,LayeredAStarQueueAware,VirtualForcePlanner,0,0.0,60.0,64.051,6,3,3,24,24,1,20,178.151,29.692,67.202,2886,2561,0,0,0,0,"{""CRUISE"": 0.2095, ""LOADING"": 0.0115, ""QUEUING"": 0.7789}",{},{},"{""0"": 0, ""1"": 0, ""2"": 0}"
20260804T143611Z_08876778,task_manager_high_60s_LayeredAStarQueueAware_DullPlanner_NaiveTaskManager,2026-08-04T14:36:58.339423Z,NaiveTaskManager,LayeredAStarQueueAware,DullPlanner,7,420.0,60.0,46.999,6,3,3,24,24,1,20,478.877,79.813,81.081,569,523,18,18,18,0,"{""CRUISE"": 0.7706, ""LOADING"": 0.1092, ""QUEUING"": 0.1202}","{""agent__agent"": 18}","{""agent__agent"": 18}","{""0"": 0, ""1"": 0, ""2"": 0}"
20260804T143702Z_67fb2401,task_manager_high_60s_LayeredAStarQueueAware_DullPlanner_CongestionAwareTaskManager,2026-08-04T14:37:49.720809Z,CongestionAwareTaskManager,LayeredAStarQueueAware,DullPlanner,7,420.0,60.0,47.403,6,3,3,24,24,1,20,478.877,79.813,81.081,569,523,18,18,18,0,"{""CRUISE"": 0.7706, ""LOADING"": 0.1092, ""QUEUING"": 0.1202}","{""agent__agent"": 18}","{""agent__agent"": 18}","{""0"": 0, ""1"": 0, ""2"": 0}"
20260804T181929Z_fa5d7568,stage_chain_bta_small_60s_LayeredAStarBaselineTrafficAware_DullPlanner_NaiveTaskManager,2026-08-04T18:19:39.303190Z,NaiveTaskManager,LayeredAStarBaselineTrafficAware,DullPlanner,1,60.0,60.0,9.685,2,1,1,12,12,1,10,162.839,81.42,81.453,71,63,0,0,0,0,"{""CRUISE"": 0.9093, ""LOADING"": 0.0549, ""QUEUING"": 0.0358}",{},{},"{""0"": 0}"
20260804T181955Z_2b026460,stage_chain_bta_medium_60s_LayeredAStarBaselineTrafficAware_DullPlanner_NaiveTaskManager,2026-08-04T18:20:29.000089Z,NaiveTaskManager,LayeredAStarBaselineTrafficAware,DullPlanner,6,360.0,60.0,33.512,4,2,2,20,20,1,20,312.506,78.126,81.017,294,261,0,0,0,0,"{""CRUISE"": 0.7625, ""LOADING"": 0.1253, ""QUEUING"": 0.1122}",{},{},"{""0"": 0, ""1"": 0}"
20260804T182042Z_4d9818b6,stage_chain_bta_high_60s_LayeredAStarBaselineTrafficAware_DullPlanner_NaiveTaskManager,2026-08-04T18:21:40.042751Z,NaiveTaskManager,LayeredAStarBaselineTrafficAware,DullPlanner,6,360.0,60.0,57.448,6,3,3,24,24,1,20,479.93,79.988,84.024,316,279,0,0,0,0,"{""CRUISE"": 0.8081, ""LOADING"": 0.0873, ""QUEUING"": 0.1046}",{},{},"{""0"": 0, ""1"": 0, ""2"": 0}"
20260804T183548Z_62805dc8,stage_chain_small_60s_LayeredAStarBaselineTrafficAware_DullPlanner_NaiveTaskManager,2026-08-04T18:36:00.693076Z,NaiveTaskManager,LayeredAStarBaselineTrafficAware,DullPlanner,1,60.0,60.0,11.817,2,1,1,12,12,1,10,162.839,81.42,81.453,71,63,0,0,0,0,"{""CRUISE"": 0.9093, ""LOADING"": 0.0549, ""QUEUING"": 0.0358}",{},{},"{""0"": 0}"
20260804T183608Z_6f315c53,stage_chain_medium_60s_LayeredAStarBaselineTrafficAware_DullPlanner_NaiveTaskManager,2026-08-04T18:36:52.143796Z,NaiveTaskManager,LayeredAStarBaselineTrafficAware,DullPlanner,6,360.0,60.0,43.816,4,2,2,20,20,1,20,312.506,78.126,81.017,294,261,0,0,0,0,"{""CRUISE"": 0.7625, ""LOADING"": 0.1253, ""QUEUING"": 0.1122}",{},{},"{""0"": 0, ""1"": 0}"
20260804T183700Z_d9478227,stage_chain_high_60s_LayeredAStarBaselineTrafficAware_DullPlanner_NaiveTaskManager,2026-08-04T18:38:19.527169Z,NaiveTaskManager,LayeredAStarBaselineTrafficAware,DullPlanner,6,360.0,60.0,78.799,6,3,3,24,24,1,20,479.93,79.988,84.024,316,279,0,0,0,0,"{""CRUISE"": 0.8081, ""LOADING"": 0.0873, ""QUEUING"": 0.1046}",{},{},"{""0"": 0, ""1"": 0, ""2"": 0}"
